"date","StockCode","Capacity","Volume","Open","High","Low","Close","Change","Transcation","MA5","MA10","MA20","MA60","MA120","MA240"
"2025-01-02","2330","45045125","47883206644","1070.0","1075.0","1055.0","1065.0","-10.0","74997","1065.0","1065.0","1065.0","1065.0","1065.0","1065.0"
"2025-01-03","2330","31244211","33728652860","1080.0","1085.0","1075.0","1075.0","10.0","28227","1070.0","1070.0","1070.0","1070.0","1070.0","1070.0"
"2025-01-06","2330","77874801","86585128825","1100.0","1125.0","1095.0","1125.0","50.0","130021","1088.3333333333333","1088.3333333333333","1088.3333333333333","1088.3333333333333","1088.3333333333333","1088.3333333333333"
"2025-01-07","2330","54691485","62664127156","1150.0","1160.0","1130.0","1130.0","5.0","70657","1098.75","1098.75","1098.75","1098.75","1098.75","1098.75"
"2025-01-08","2330","49181518","54760296689","1110.0","1130.0","1105.0","1105.0","-25.0","71736","1100.0","1100.0","1100.0","1100.0","1100.0","1100.0"
"2025-01-09","2330","29916198","33052210793","1100.0","1115.0","1100.0","1100.0","-5.0","51544","1107.0","1100.0","1100.0","1100.0","1100.0","1100.0"
"2025-01-10","2330","24475751","26996697889","1100.0","1110.0","1100.0","1100.0","0.0","38027","1112.0","1100.0","1100.0","1100.0","1100.0","1100.0"
"2025-01-13","2330","62629547","68093421797","1110.0","1115.0","1070.0","1075.0","-25.0","118516","1102.0","1096.875","1096.875","1096.875","1096.875","1096.875"
"2025-01-14","2330","31280235","33915048410","1085.0","1090.0","1075.0","1090.0","15.0","32218","1094.0","1096.111111111111","1096.111111111111","1096.111111111111","1096.111111111111","1096.111111111111"
"2025-01-15","2330","37966582","40677529813","1085.0","1085.0","1065.0","1065.0","-25.0","74906","1086.0","1093.0","1093.0","1093.0","1093.0","1093.0"
"2025-01-16","2330","49872673","54934128041","1095.0","1115.0","1090.0","1105.0","40.0","54389","1087.0","1097.0","1094.090909090909","1094.090909090909","1094.090909090909","1094.090909090909"
"2025-01-17","2330","60857371","67663576840","1125.0","1125.0","1095.0","1120.0","15.0","48829","1091.0","1101.5","1096.25","1096.25","1096.25","1096.25"
"2025-01-20","2330","32062171","36076248367","1125.0","1135.0","1120.0","1120.0","0.0","37780","1100.0","1101.0","1098.076923076923","1098.076923076923","1098.076923076923","1098.076923076923"
"2025-01-21","2330","24368832","27256307475","1115.0","1125.0","1110.0","1120.0","0.0","28262","1106.0","1100.0","1099.642857142857","1099.642857142857","1099.642857142857","1099.642857142857"
"2025-01-22","2330","45996696","52510666410","1140.0","1150.0","1135.0","1135.0","15.0","59434","1120.0","1103.0","1102.0","1102.0","1102.0","1102.0"
"2025-02-03","2330","113031525","120769676393","1065.0","1075.0","1060.0","1070.0","-65.0","247531","1113.0","1100.0","1100.0","1100.0","1100.0","1100.0"
"2025-02-04","2330","57904652","63132252012","1085.0","1100.0","1080.0","1095.0","25.0","59315","1108.0","1099.5","1099.7058823529412","1099.7058823529412","1099.7058823529412","1099.7058823529412"
"2025-02-05","2330","43082532","47931709801","1110.0","1120.0","1105.0","1110.0","15.0","51245","1106.0","1103.0","1100.2777777777778","1100.2777777777778","1100.2777777777778","1100.2777777777778"
"2025-02-06","2330","33768196","37638807097","1120.0","1120.0","1105.0","1115.0","5.0","32994","1105.0","1105.5","1101.0526315789473","1101.0526315789473","1101.0526315789473","1101.0526315789473"
"2025-02-07","2330","31107545","34745052940","1110.0","1125.0","1105.0","1125.0","10.0","35637","1103.0","1111.5","1102.25","1102.25","1102.25","1102.25"
"2025-02-10","2330","31037109","34425517969","1125.0","1125.0","1095.0","1105.0","-20.0","60839","1110.0","1111.5","1104.25","1102.3809523809523","1102.3809523809523","1102.3809523809523"
"2025-02-11","2330","21023057","23294288731","1110.0","1115.0","1100.0","1110.0","5.0","31837","1113.0","1110.5","1106.0","1102.7272727272727","1102.7272727272727","1102.7272727272727"
"2025-02-12","2330","26190392","28966591975","1110.0","1115.0","1100.0","1100.0","-10.0","38511","1111.0","1108.5","1104.75","1102.608695652174","1102.608695652174","1102.608695652174"
"2025-02-13","2330","35681521","38806197999","1090.0","1095.0","1080.0","1090.0","-10.0","72456","1106.0","1105.5","1102.75","1102.0833333333333","1102.0833333333333","1102.0833333333333"
"2025-02-14","2330","73417323","78100130074","1065.0","1070.0","1060.0","1060.0","-30.0","218986","1093.0","1098.0","1100.5","1100.4","1100.4","1100.4"
"2025-02-17","2330","37215861","40057489554","1065.0","1085.0","1065.0","1085.0","25.0","57081","1089.0","1099.5","1099.75","1099.8076923076924","1099.8076923076924","1099.8076923076924"
"2025-02-18","2330","24018940","26204727000","1085.0","1100.0","1080.0","1100.0","15.0","30650","1087.0","1100.0","1099.75","1099.8148148148148","1099.8148148148148","1099.8148148148148"
"2025-02-19","2330","28756849","31328641002","1090.0","1095.0","1085.0","1090.0","-10.0","33952","1085.0","1098.0","1100.5","1099.4642857142858","1099.4642857142858","1099.4642857142858"
"2025-02-20","2330","31108197","33537160793","1080.0","1085.0","1070.0","1080.0","-10.0","43395","1083.0","1094.5","1100.0","1098.7931034482758","1098.7931034482758","1098.7931034482758"
"2025-02-21","2330","31480715","34322859039","1085.0","1095.0","1080.0","1095.0","15.0","29895","1090.0","1091.5","1101.5","1098.6666666666667","1098.6666666666667","1098.6666666666667"
"2025-02-24","2330","33837606","36461265148","1080.0","1085.0","1075.0","1075.0","-20.0","47924","1088.0","1088.5","1100.0","1097.9032258064517","1097.9032258064517","1097.9032258064517"
"2025-02-25","2330","53174277","56084293935","1055.0","1060.0","1050.0","1055.0","-20.0","178967","1079.0","1083.0","1096.75","1096.5625","1096.5625","1096.5625"
"2025-02-26","2330","42921499","45208281264","1045.0","1060.0","1045.0","1060.0","5.0","75535","1073.0","1079.0","1093.75","1095.4545454545455","1095.4545454545455","1095.4545454545455"
"2025-02-27","2330","61646900","64595715596","1065.0","1065.0","1040.0","1040.0","-20.0","121377","1065.0","1074.0","1089.75","1093.8235294117646","1093.8235294117646","1093.8235294117646"
"2025-03-03","2330","73279419","74076141634","1000.0","1020.0","1000.0","1020.0","-20.0","208673","1050.0","1070.0","1084.0","1091.7142857142858","1091.7142857142858","1091.7142857142858"
"2025-03-04","2330","70879417","71031410815","996.0","1010.0","996.0","1000.0","-20.0","184239","1035.0","1061.5","1080.5","1089.1666666666667","1089.1666666666667","1089.1666666666667"
"2025-03-05","2330","45086222","46126315408","1020.0","1030.0","1015.0","1020.0","20.0","63259","1028.0","1053.5","1076.75","1087.2972972972973","1087.2972972972973","1087.2972972972973"
"2025-03-06","2330","49318590","49937586396","1020.0","1025.0","1005.0","1005.0","-15.0","99898","1017.0","1045.0","1071.5","1085.1315789473683","1085.1315789473683","1085.1315789473683"
"2025-03-07","2330","50358724","50550677397","1005.0","1010.0","1000.0","1005.0","0.0","95905","1010.0","1037.5","1066.0","1083.076923076923","1083.076923076923","1083.076923076923"
"2025-03-10","2330","55410836","55278923810","1005.0","1005.0","992.0","998.0","-7.0","189791","1005.6","1027.8","1059.65","1080.95","1080.95","1080.95"
"2025-03-11","2330","58764791","57064143987","969.0","979.0","963.0","971.0","-27.0","323403","999.8","1017.4","1052.95","1078.2682926829268","1078.2682926829268","1078.2682926829268"
"2025-03-12","2330","38527201","37951553847","980.0","995.0","976.0","988.0","17.0","132537","993.4","1010.7","1046.85","1076.1190476190477","1076.1190476190477","1076.1190476190477"
"2025-03-13","2330","42915696","42199819801","1000.0","1005.0","965.0","965.0","-23.0","192169","985.4","1001.2","1040.1","1073.5348837209303","1073.5348837209303","1073.5348837209303"
"2025-03-14","2330","42394920","40803705615","965.0","969.0","955.0","959.0","-6.0","163735","976.2","993.1","1033.55","1070.9318181818182","1070.9318181818182","1070.9318181818182"
"2025-03-17","2330","35012870","34177107575","977.0","985.0","968.0","970.0","11.0","77808","970.6","988.1","1029.05","1068.6888888888889","1068.6888888888889","1068.6888888888889"
"2025-03-18","2330","25716157","24986151171","976.0","978.0","968.0","971.0","1.0","64687","970.6","985.2","1023.35","1066.5652173913043","1066.5652173913043","1066.5652173913043"
"2025-03-19","2330","43493556","41620146409","965.0","967.0","950.0","952.0","-19.0","234877","963.4","978.4","1015.95","1064.127659574468","1064.127659574468","1064.127659574468"
"2025-03-20","2330","31993556","31303215198","978.0","985.0","971.0","985.0","33.0","61507","967.4","976.4","1010.7","1062.4791666666667","1062.4791666666667","1062.4791666666667"
"2025-03-21","2330","46869716","45683124466","985.0","987.0","970.0","972.0","-13.0","63137","970.0","973.1","1005.3","1060.6326530612246","1060.6326530612246","1060.6326530612246"
"2025-03-24","2330","16866075","16480791636","986.0","987.0","972.0","972.0","0.0","37815","970.4","970.5","999.15","1058.86","1058.86","1058.86"
"2025-03-25","2330","28306040","28011143558","989.0","995.0","985.0","990.0","18.0","58257","974.2","972.4","994.9","1057.5098039215686","1057.5098039215686","1057.5098039215686"
"2025-03-26","2330","25939071","25540092915","995.0","995.0","980.0","980.0","-10.0","41985","979.8","971.6","991.15","1056.0192307692307","1056.0192307692307","1056.0192307692307"
"2025-03-27","2330","44589770","42834147980","961.0","964.0","958.0","958.0","-22.0","170110","974.4","970.9","986.05","1054.1698113207547","1054.1698113207547","1054.1698113207547"
"2025-03-28","2330","37802947","35917004376","946.0","955.0","946.0","952.0","-6.0","135642","970.4","970.2","981.65","1052.2777777777778","1052.2777777777778","1052.2777777777778"
"2025-03-31","2330","59733510","54820217557","920.0","924.0","910.0","910.0","-42.0","301446","958.0","964.2","976.15","1049.6909090909091","1049.6909090909091","1049.6909090909091"
"2025-04-01","2330","33673400","31491275577","929.0","946.0","925.0","944.0","34.0","73772","948.8","961.5","973.35","1047.8035714285713","1047.8035714285713","1047.8035714285713"
"2025-04-02","2330","28201820","26641223575","949.0","952.0","938.0","942.0","-2.0","61150","941.2","960.5","969.45","1045.9473684210527","1045.9473684210527","1045.9473684210527"
"2025-04-07","2330","37652704","32012146992","848.0","848.0","848.0","848.0","-94.0","219438","919.2","946.8","961.6","1042.5344827586207","1042.5344827586207","1042.5344827586207"
"2025-04-08","2330","136580582","111279830476","797.0","843.0","797.0","816.0","-32.0","425666","892.0","931.2","952.15","1038.6949152542372","1038.6949152542372","1038.6949152542372"
"2025-04-09","2330","122044966","97865587721","809.0","826.0","780.0","785.0","-31.0","518687","867.0","912.5","941.5","1034.4666666666667","1034.4666666666667","1034.4666666666667"
"2025-04-10","2330","28397160","24506749080","863.0","863.0","863.0","863.0","78.0","32126","850.8","899.8","936.1","1031.1","1031.655737704918","1031.655737704918"
"2025-04-11","2330","81264878","70338979303","848.0","889.0","836.0","889.0","26.0","188545","840.2","890.7","931.15","1028.0","1029.3548387096773","1029.3548387096773"
"2025-04-14","2330","72625129","64302226102","895.0","903.0","865.0","865.0","-24.0","243019","843.6","881.4","926.15","1023.6666666666666","1026.7460317460318","1026.7460317460318"
"2025-04-15","2330","35642588","31178394103","874.0","879.0","865.0","877.0","12.0","66577","855.8","873.9","922.05","1019.45","1024.40625","1024.40625"
"2025-04-16","2330","47199014","40541996319","867.0","869.0","852.0","855.0","-22.0","178095","869.8","868.4","916.3","1015.2833333333333","1021.8","1021.8"
"2025-04-17","2330","36449601","30955774323","849.0","856.0","842.0","847.0","-8.0","104874","866.6","858.7","910.1","1011.0666666666667","1019.1515151515151","1019.1515151515151"
"2025-04-18","2330","23249139","19831869687","853.0","858.0","850.0","850.0","3.0","68176","858.8","849.5","905.0","1006.9","1016.6268656716418","1016.6268656716418"
"2025-04-21","2330","20672773","17304529560","844.0","847.0","832.0","835.0","-15.0","104189","852.8","848.2","897.5","1002.9","1013.9558823529412","1013.9558823529412"
"2025-04-22","2330","32057642","26346742317","826.0","829.0","816.0","816.0","-19.0","133084","840.6","848.2","889.7","998.3333333333334","1011.0869565217391","1011.0869565217391"
"2025-04-23","2330","40685613","34980602995","853.0","873.0","848.0","873.0","57.0","78430","844.2","857.0","884.75","995.1333333333333","1009.1142857142858","1009.1142857142858"
"2025-04-24","2330","34499991","30099254355","886.0","886.0","859.0","864.0","-9.0","60744","847.6","857.1","878.45","991.1166666666667","1007.0704225352113","1007.0704225352113"
"2025-04-25","2330","39651775","35411585995","900.0","901.0","886.0","888.0","24.0","76758","855.2","857.0","873.85","987.25","1005.4166666666666","1005.4166666666666"
"2025-04-28","2330","25396543","22758357535","898.0","898.0","893.0","897.0","9.0","43185","867.6","860.2","870.8","983.5333333333333","1003.931506849315","1003.931506849315"
"2025-04-29","2330","31146996","27990673396","897.0","902.0","893.0","902.0","5.0","45912","884.8","862.7","868.3","979.9","1002.5540540540541","1002.5540540540541"
"2025-04-30","2330","39204833","35471028626","901.0","908.0","899.0","908.0","6.0","46388","891.8","868.0","868.2","976.1166666666667","1001.2933333333333","1001.2933333333333"
"2025-05-02","2330","48129292","45206565214","938.0","950.0","932.0","950.0","42.0","99509","909.0","878.3","868.5","974.1166666666667","1000.6184210526316","1000.6184210526316"
"2025-05-05","2330","56516129","53055259965","956.0","957.0","923.0","938.0","-12.0","93285","919.0","887.1","868.3","971.5","999.8051948051948","999.8051948051948"
"2025-05-06","2330","43358708","40011158770","916.0","930.0","916.0","920.0","-18.0","74918","923.6","895.6","871.9","968.3333333333334","998.7820512820513","998.7820512820513"
"2025-05-07","2330","39021595","36011806469","925.0","932.0","911.0","928.0","8.0","50267","928.8","906.8","877.5","965.2166666666667","997.8860759493671","997.8860759493671"
"2025-05-08","2330","30777988","28602519292","933.0","939.0","918.0","918.0","-10.0","39133","930.8","911.3","884.15","961.7666666666667","996.8875","996.8875"
"2025-05-09","2330","40878730","38557125038","938.0","949.0","934.0","949.0","31.0","68630","930.6","919.8","888.45","959.1666666666666","996.2962962962963","996.2962962962963"
"2025-05-12","2330","25668469","24554284001","954.0","962.0","952.0","957.0","8.0","44647","934.4","926.7","891.85","956.6166666666667","995.8170731707318","995.8170731707318"
"2025-05-13","2330","50960522","49747284080","990.0","990.0","969.0","969.0","12.0","72252","944.2","933.9","897.05","954.4333333333333","995.4939759036145","995.4939759036145"
"2025-05-14","2330","55061671","54697821594","990.0","999.0","988.0","999.0","30.0","105868","958.4","943.6","903.15","952.9166666666666","995.5357142857143","995.5357142857143"
"2025-05-15","2330","28518212","28422046465","1000.0","1000.0","993.0","993.0","-6.0","50265","973.4","952.1","910.05","951.8","995.5058823529412","995.5058823529412"
"2025-05-16","2330","18079325","17966857712","991.0","998.0","989.0","998.0","5.0","36183","983.2","956.9","917.6","950.35","995.5348837209302","995.5348837209302"
"2025-05-19","2330","21936885","21653317847","993.0","994.0","980.0","984.0","-14.0","68821","988.6","961.5","924.3","948.4166666666666","995.4022988505748","995.4022988505748"
"2025-05-20","2330","24317788","23922516474","991.0","994.0","978.0","978.0","-6.0","46215","990.4","967.3","931.45","946.55","995.2045454545455","995.2045454545455"
"2025-05-21","2330","27677478","27418826043","986.0","999.0","983.0","990.0","12.0","47842","988.6","973.5","940.15","945.05","995.1460674157304","995.1460674157304"
"2025-05-22","2330","19671417","19321581490","988.0","988.0","979.0","982.0","-8.0","41571","986.4","979.9","945.6","943.1666666666666","995.0","995.0"
"2025-05-23","2330","23744132","23343468899","993.0","993.0","975.0","984.0","2.0","46204","983.6","983.4","951.6","941.65","994.8791208791209","994.8791208791209"
"2025-05-26","2330","20906797","20460682166","975.0","984.0","975.0","976.0","-8.0","31349","982.0","985.3","956.0","940.3333333333334","994.6739130434783","994.6739130434783"
"2025-05-27","2330","29843876","28842510221","971.0","975.0","961.0","965.0","-11.0","86318","979.4","984.9","959.4","938.75","994.3548387096774","994.3548387096774"
"2025-05-28","2330","31929816","31118692765","984.0","985.0","967.0","967.0","2.0","37776","974.8","981.7","962.65","937.5333333333333","994.063829787234","994.063829787234"
"2025-05-29","2330","64850290","62982593605","986.0","986.0","967.0","967.0","0.0","36958","971.8","979.1","965.6","936.65","993.7789473684211","993.7789473684211"
"2025-06-02","2330","40608468","38643155297","958.0","961.0","946.0","946.0","-21.0","125245","964.2","973.9","965.4","935.75","993.28125","993.28125"
"2025-06-03","2330","27482916","26302041072","960.0","965.0","950.0","950.0","4.0","43550","959.0","970.5","966.0","934.5833333333334","992.8350515463917","992.8350515463917"
"2025-06-04","2330","43196396","42419360833","974.0","990.0","970.0","990.0","40.0","73539","964.0","971.7","969.5","934.3333333333334","992.8061224489796","992.8061224489796"
"2025-06-05","2330","27047750","26936792104","1000.0","1000.0","991.0","998.0","8.0","51309","970.2","972.5","973.0","934.2166666666667","992.8585858585859","992.8585858585859"
"2025-06-06","2330","18797346","18688985614","997.0","997.0","991.0","995.0","-3.0","27283","975.8","973.8","976.85","934.1666666666666","992.88","992.88"
"2025-06-09","2330","23952041","24100014375","1005.0","1010.0","1000.0","1005.0","10.0","56903","987.6","975.9","979.65","934.7333333333333","993.0","993.0"
"2025-06-10","2330","55353908","57406744645","1025.0","1050.0","1020.0","1045.0","40.0","138656","1006.6","982.8","984.05","935.6833333333333","993.5098039215686","993.5098039215686"
"2025-06-11","2330","46137188","48960267029","1065.0","1070.0","1055.0","1065.0","20.0","75830","1021.6","992.8","988.85","937.35","994.2038834951456","994.2038834951456"
"2025-06-12","2330","28661875","30064888046","1055.0","1060.0","1045.0","1045.0","-20.0","40293","1031.0","1000.6","991.15","938.7833333333333","994.6923076923077","994.6923076923077"
"2025-06-13","2330","31371948","32434779823","1040.0","1040.0","1025.0","1030.0","-15.0","40938","1038.0","1006.9","993.0","939.7833333333333","995.0285714285715","995.0285714285715"
"2025-06-16","2330","31257555","31982385770","1030.0","1030.0","1015.0","1025.0","-5.0","38583","1042.0","1014.8","994.35","940.6833333333333","995.311320754717","995.311320754717"
"2025-06-17","2330","30890431","32183667155","1040.0","1050.0","1035.0","1045.0","20.0","30757","1042.0","1024.3","997.4","942.2333333333333","995.7757009345794","995.7757009345794"
"2025-06-18","2330","41740374","43722320684","1040.0","1055.0","1030.0","1055.0","10.0","45620","1040.0","1030.8","1001.25","943.4","996.324074074074","996.324074074074"
"2025-06-19","2330","25354905","26287507815","1045.0","1045.0","1030.0","1035.0","-20.0","31893","1038.0","1034.5","1003.5","944.45","996.6788990825688","996.6788990825688"
"2025-06-20","2330","67241164","70461692958","1030.0","1055.0","1025.0","1055.0","20.0","33114","1043.0","1040.5","1007.15","945.8333333333334","997.209090909091","997.209090909091"
"2025-06-23","2330","33543038","34292190910","1025.0","1030.0","1015.0","1020.0","-35.0","56849","1042.0","1042.0","1008.95","946.3333333333334","997.4144144144144","997.4144144144144"
"2025-06-24","2330","30105394","31487543196","1045.0","1050.0","1040.0","1050.0","30.0","33323","1043.0","1042.5","1012.65","947.5","997.8839285714286","997.8839285714286"
"2025-06-25","2330","44519173","47370306720","1060.0","1070.0","1055.0","1070.0","20.0","75075","1046.0","1043.0","1017.9","949.3666666666667","998.5221238938053","998.5221238938053"
"2025-06-26","2330","39534708","42448279645","1075.0","1080.0","1065.0","1075.0","5.0","50326","1054.0","1046.0","1023.3","951.4166666666666","999.1929824561404","999.1929824561404"
"2025-06-27","2330","34877892","37353695324","1070.0","1080.0","1060.0","1080.0","5.0","38535","1059.0","1051.0","1028.95","954.25","999.895652173913","999.895652173913"
"2025-06-30","2330","35763093","38268458555","1075.0","1080.0","1060.0","1060.0","-20.0","39464","1067.0","1054.5","1034.65","956.1833333333333","1000.4137931034483","1000.4137931034483"
"2025-07-01","2330","52818889","57235426744","1080.0","1095.0","1075.0","1085.0","25.0","68934","1074.0","1058.5","1041.4","958.5666666666667","1001.1367521367522","1001.1367521367522"
"2025-07-02","2330","24453697","26349711755","1075.0","1085.0","1070.0","1085.0","0.0","26005","1077.0","1061.5","1046.15","962.5166666666667","1001.8474576271186","1001.8474576271186"
"2025-07-03","2330","39719503","43590599965","1105.0","1105.0","1090.0","1090.0","5.0","52136","1080.0","1067.0","1050.75","967.0833333333334","1002.5882352941177","1002.5882352941177"
"2025-07-04","2330","23556842","25635862115","1095.0","1100.0","1080.0","1085.0","-5.0","33003","1081.0","1070.0","1055.25","972.0833333333334","1003.275","1003.275"
"2025-07-07","2330","19949311","21467492525","1080.0","1085.0","1070.0","1080.0","-5.0","29161","1085.0","1076.0","1059.0","975.7","1003.4","1003.9090909090909"
"2025-07-08","2330","29944918","32081882384","1070.0","1080.0","1065.0","1080.0","0.0","37874","1084.0","1079.0","1060.75","978.8833333333333","1003.4416666666667","1004.5327868852459"
"2025-07-09","2330","25899845","27998741278","1070.0","1090.0","1065.0","1090.0","10.0","30492","1085.0","1081.0","1062.0","982.6333333333333","1003.15","1005.2276422764228"
"2025-07-10","2330","23947482","26242095552","1095.0","1100.0","1090.0","1100.0","10.0","34427","1087.0","1083.5","1064.75","986.35","1002.9","1005.991935483871"
"2025-07-11","2330","30615792","33607768195","1095.0","1100.0","1090.0","1100.0","0.0","30851","1090.0","1085.5","1068.25","990.4333333333333","1002.8583333333333","1006.744"
"2025-07-14","2330","29975913","32777573059","1100.0","1100.0","1085.0","1095.0","-5.0","29965","1093.0","1089.0","1071.75","994.5666666666667","1002.8166666666667","1007.4444444444445"
"2025-07-15","2330","49458466","54619049312","1095.0","1115.0","1090.0","1110.0","15.0","62368","1099.0","1091.5","1075.0","998.9","1002.9","1008.2519685039371"
"2025-07-16","2330","34513639","38866594123","1120.0","1130.0","1120.0","1130.0","20.0","65168","1107.0","1096.0","1078.75","1003.8166666666667","1003.3583333333333","1009.203125"
"2025-07-17","2330","36971364","41632558135","1130.0","1135.0","1115.0","1130.0","0.0","41463","1113.0","1100.0","1083.5","1009.05","1003.6916666666667","1010.1395348837209"
"2025-07-18","2330","50467755","58221053093","1155.0","1160.0","1145.0","1155.0","25.0","70457","1124.0","1107.0","1088.5","1013.75","1004.4416666666667","1011.2538461538461"
"2025-07-21","2330","32374260","37068540960","1145.0","1150.0","1135.0","1150.0","-5.0","39350","1135.0","1114.0","1095.0","1018.5166666666667","1004.8166666666667","1012.3129770992366"
"2025-07-22","2330","54933274","62867010181","1145.0","1160.0","1130.0","1130.0","-20.0","59679","1139.0","1119.0","1099.0","1022.55","1004.9","1013.2045454545455"
"2025-07-23","2330","31360184","35765717715","1140.0","1145.0","1135.0","1145.0","15.0","32586","1142.0","1124.5","1102.75","1026.6833333333334","1005.1083333333333","1014.1954887218045"
"2025-07-24","2330","16038287","18400221444","1150.0","1155.0","1145.0","1145.0","0.0","19186","1145.0","1129.0","1106.25","1030.7333333333333","1005.3166666666667","1015.1716417910447"
"2025-07-25","2330","23026843","26418536660","1150.0","1155.0","1140.0","1145.0","0.0","25178","1143.0","1133.5","1109.5","1034.6833333333334","1005.4","1016.1333333333333"
"2025-07-28","2330","23153187","26593770396","1155.0","1160.0","1145.0","1145.0","0.0","24043","1142.0","1138.5","1113.75","1037.9333333333334","1006.025","1017.0808823529412"
"2025-07-29","2330","41471548","47077846101","1145.0","1145.0","1125.0","1135.0","-10.0","43297","1143.0","1141.0","1116.25","1041.2166666666667","1006.3583333333333","1017.9416058394161"
"2025-07-30","2330","37445435","43115792626","1150.0","1160.0","1145.0","1155.0","20.0","42479","1145.0","1143.5","1119.75","1045.1333333333334","1006.7333333333333","1018.9347826086956"
"2025-07-31","2330","35986507","41712508468","1160.0","1165.0","1155.0","1160.0","5.0","50361","1148.0","1146.5","1123.25","1049.0","1007.1083333333333","1019.9496402877697"
"2025-08-01","2330","45352225","51714816380","1145.0","1150.0","1130.0","1140.0","-20.0","76135","1147.0","1145.0","1126.0","1052.7","1007.2333333333333","1020.8071428571428"
"2025-08-04","2330","25256974","28532556011","1130.0","1135.0","1125.0","1135.0","-5.0","47206","1145.0","1143.5","1128.75","1055.8","1007.4833333333333","1021.6170212765958"
"2025-08-05","2330","20695955","23713307116","1145.0","1150.0","1140.0","1150.0","15.0","24124","1148.0","1145.5","1132.25","1059.0166666666667","1007.8166666666667","1022.5211267605633"
"2025-08-06","2330","24015506","27066744255","1130.0","1135.0","1125.0","1125.0","-25.0","55936","1142.0","1143.5","1134.0","1061.6166666666666","1008.025","1023.2377622377622"
"2025-08-07","2330","64965686","76081290909","1160.0","1180.0","1155.0","1180.0","55.0","98335","1146.0","1147.0","1138.0","1064.6333333333334","1008.775","1024.326388888889"
"2025-08-08","2330","27434505","32303933490","1180.0","1185.0","1170.0","1175.0","-5.0","43558","1153.0","1150.0","1141.75","1067.6666666666667","1009.7333333333333","1025.3655172413794"
"2025-08-11","2330","37435809","44247026887","1170.0","1195.0","1165.0","1180.0","5.0","53135","1162.0","1153.5","1146.0","1070.7","1010.525","1026.4246575342465"
"2025-08-12","2330","30137118","35563421901","1180.0","1190.0","1170.0","1180.0","0.0","37189","1168.0","1158.0","1149.5","1073.9666666666667","1011.1916666666667","1027.469387755102"
"2025-08-13","2330","39708109","47367251520","1185.0","1200.0","1185.0","1200.0","20.0","58632","1183.0","1162.5","1153.0","1077.6666666666667","1012.1083333333333","1028.6351351351352"
"2025-08-14","2330","35269337","41625421848","1185.0","1190.0","1175.0","1175.0","-25.0","55678","1182.0","1164.0","1155.25","1080.75","1012.9","1029.6174496644296"
"2025-08-15","2330","23577178","27782518177","1175.0","1185.0","1170.0","1180.0","5.0","31039","1183.0","1168.0","1156.5","1084.05","1013.6083333333333","1030.62"
"2025-08-18","2330","21182611","24952978606","1170.0","1185.0","1170.0","1180.0","0.0","29158","1183.0","1172.5","1158.0","1087.3166666666666","1014.4833333333333","1031.609271523179"
"2025-08-19","2330","22439999","26543054769","1180.0","1185.0","1175.0","1185.0","5.0","19138","1184.0","1176.0","1160.75","1090.8","1015.5666666666667","1032.6184210526317"
"2025-08-20","2330","73148689","84039496961","1165.0","1165.0","1135.0","1135.0","-50.0","201335","1171.0","1177.0","1160.25","1093.6333333333334","1016.1916666666667","1033.2875816993464"
"2025-08-21","2330","25030476","28695638720","1140.0","1155.0","1140.0","1150.0","15.0","39170","1166.0","1174.0","1160.5","1096.6833333333334","1017.1083333333333","1034.0454545454545"
"2025-08-22","2330","20220071","23147345045","1155.0","1155.0","1135.0","1135.0","-15.0","37292","1157.0","1170.0","1160.0","1099.4833333333333","1018.0666666666667","1034.6967741935484"
"2025-08-25","2330","27470807","32159334115","1165.0","1180.0","1160.0","1170.0","35.0","38754","1155.0","1169.0","1161.25","1103.2166666666667","1019.4833333333333","1035.5641025641025"
"2025-08-26","2330","39495275","46349348727","1165.0","1185.0","1160.0","1175.0","5.0","25751","1153.0","1168.5","1163.25","1106.9666666666667","1020.775","1036.4522292993631"
"2025-08-27","2330","23824689","28276839838","1190.0","1190.0","1180.0","1190.0","15.0","30477","1164.0","1167.5","1165.0","1110.3","1022.3166666666667","1037.4240506329113"
"2025-08-28","2330","20960787","24563005745","1185.0","1185.0","1160.0","1160.0","-30.0","36728","1166.0","1166.0","1165.0","1113.0","1023.6083333333333","1038.1949685534591"
"2025-08-29","2330","21820054","25485864558","1180.0","1185.0","1160.0","1160.0","0.0","25658","1171.0","1164.0","1166.0","1115.75","1024.9583333333333","1038.95625"
"2025-09-01","2330","23022319","26647241918","1150.0","1165.0","1145.0","1165.0","5.0","41416","1170.0","1162.5","1167.5","1118.4166666666667","1026.575","1039.7391304347825"
"2025-09-02","2330","14994018","17436038175","1170.0","1175.0","1155.0","1160.0","-5.0","24784","1167.0","1160.0","1168.0","1120.3333333333333","1028.0083333333334","1040.4814814814815"
"2025-09-03","2330","20211322","23350634915","1155.0","1160.0","1145.0","1160.0","0.0","29992","1161.0","1162.5","1169.75","1121.9166666666667","1029.6333333333334","1041.2147239263804"
"2025-09-04","2330","25311450","29560102956","1170.0","1175.0","1160.0","1160.0","0.0","22577","1161.0","1163.5","1168.75","1123.8333333333333","1031.3083333333334","1041.939024390244"
"2025-09-05","2330","27931124","32835192457","1175.0","1180.0","1170.0","1180.0","20.0","24609","1165.0","1168.0","1169.0","1126.3333333333333","1033.0583333333334","1042.7757575757576"
"2025-09-08","2330","28393035","33731539720","1195.0","1195.0","1180.0","1180.0","0.0","35672","1168.0","1169.0","1169.0","1128.9166666666667","1034.8","1043.6024096385543"
"2025-09-09","2330","35720097","42775822699","1195.0","1200.0","1190.0","1200.0","20.0","46420","1176.0","1171.5","1170.0","1131.5","1036.8666666666666","1044.5389221556886"
"2025-09-10","2330","43516678","53209559355","1220.0","1230.0","1215.0","1225.0","25.0","82407","1189.0","1175.0","1171.25","1134.3333333333333","1038.8666666666666","1045.6130952380952"
"2025-09-11","2330","34811140","43495621610","1255.0","1260.0","1235.0","1240.0","15.0","68103","1205.0","1183.0","1174.5","1137.75","1041.1","1046.7633136094676"
"2025-09-12","2330","28224895","35417505350","1255.0","1260.0","1250.0","1260.0","20.0","49823","1221.0","1193.0","1178.5","1141.1666666666667","1043.5","1048.0176470588235"
"2025-09-15","2330","26019117","32646870966","1260.0","1260.0","1250.0","1255.0","-5.0","34329","1236.0","1202.0","1182.25","1145.0833333333333","1045.7083333333333","1049.2280701754387"
"2025-09-16","2330","42279997","53953521005","1265.0","1285.0","1260.0","1280.0","25.0","69019","1252.0","1214.0","1187.0","1148.9166666666667","1048.2083333333333","1050.5697674418604"
"2025-09-17","2330","32019276","40619705144","1270.0","1275.0","1265.0","1265.0","-15.0","43783","1260.0","1224.5","1193.5","1152.1666666666667","1050.7666666666667","1051.8092485549132"
"2025-09-18","2330","26442220","33782903646","1275.0","1285.0","1265.0","1285.0","20.0","32050","1269.0","1237.0","1200.25","1155.6666666666667","1053.5416666666667","1053.1494252873563"
"2025-09-19","2330","48894096","62155805270","1285.0","1290.0","1265.0","1265.0","-20.0","45216","1270.0","1245.5","1206.75","1158.75","1056.5","1054.36"
"2025-09-22","2330","30411595","39134679853","1270.0","1295.0","1270.0","1295.0","30.0","45424","1278.0","1257.0","1213.0","1162.6666666666667","1059.425","1055.7272727272727"
"2025-09-23","2330","37523254","49887403390","1320.0","1340.0","1315.0","1340.0","45.0","84161","1290.0","1271.0","1221.25","1166.9166666666667","1062.7416666666666","1057.3333333333333"
"2025-09-24","2330","47820358","64029838375","1350.0","1355.0","1325.0","1340.0","0.0","86987","1305.0","1282.5","1228.75","1171.1666666666667","1066.8416666666667","1058.9213483146068"
"2025-09-25","2330","27800815","36807736035","1320.0","1330.0","1320.0","1320.0","-20.0","51802","1312.0","1290.5","1236.75","1175.0","1071.0416666666667","1060.3798882681565"
"2025-09-26","2330","29378983","38254039082","1310.0","1315.0","1295.0","1300.0","-20.0","103337","1319.0","1294.5","1243.75","1178.5833333333333","1075.3333333333333","1061.7111111111112"
"2025-09-30","2330","44853467","58790965499","1310.0","1320.0","1305.0","1305.0","5.0","44278","1321.0","1299.5","1250.75","1182.3333333333333","1079.0166666666667","1063.0552486187846"
"2025-10-01","2330","36184828","48288398204","1325.0","1350.0","1325.0","1325.0","20.0","47879","1318.0","1304.0","1259.0","1186.4166666666667","1082.65","1064.4945054945056"
"2025-10-02","2330","32693509","44593995225","1360.0","1370.0","1355.0","1365.0","40.0","61282","1323.0","1314.0","1269.25","1191.0","1086.8166666666666","1066.136612021858"
"2025-10-03","2330","34379158","47632272752","1365.0","1400.0","1365.0","1400.0","35.0","72813","1339.0","1325.5","1281.25","1196.0","1091.175","1067.9510869565217"
"2025-10-07","2330","42424519","60729023099","1420.0","1445.0","1420.0","1435.0","35.0","93554","1366.0","1342.5","1294.0","1201.5833333333333","1096.0083333333334","1069.9351351351352"
"2025-10-08","2330","27708676","39151506624","1410.0","1420.0","1405.0","1415.0","-20.0","89683","1388.0","1354.5","1305.75","1206.9166666666667","1100.7416666666666","1071.7903225806451"
"2025-10-09","2330","42507551","61324929553","1440.0","1455.0","1430.0","1440.0","25.0","76865","1411.0","1364.5","1317.75","1212.4166666666667","1105.6583333333333","1073.75935828877"
"2025-10-13","2330","60321869","84889085424","1390.0","1420.0","1390.0","1415.0","-25.0","196489","1421.0","1372.0","1327.25","1217.1666666666667","1110.4916666666666","1075.5744680851064"
"2025-10-14","2330","44821332","64625249986","1455.0","1460.0","1420.0","1425.0","10.0","95057","1426.0","1382.5","1336.5","1222.0833333333333","1115.5666666666666","1077.4232804232804"
"2025-10-15","2330","45432176","65812420573","1435.0","1465.0","1425.0","1465.0","40.0","64888","1432.0","1399.0","1346.75","1227.25","1120.5","1079.463157894737"
"2025-10-16","2330","42490828","62810575702","1465.0","1495.0","1465.0","1485.0","20.0","85709","1446.0","1417.0","1358.25","1232.8333333333333","1125.675","1081.586387434555"
"2025-10-17","2330","43864962","63869792469","1455.0","1465.0","1450.0","1450.0","-35.0","145330","1448.0","1429.5","1366.75","1238.1666666666667","1130.3583333333333","1083.5052083333333"
"2025-10-20","2330","34972122","51667454455","1460.0","1495.0","1455.0","1480.0","30.0","58105","1461.0","1441.0","1377.5","1243.75","1135.2166666666667","1085.559585492228"
"2025-10-21","2330","37067269","55189404010","1485.0","1500.0","1480.0","1480.0","0.0","72080","1472.0","1449.0","1387.25","1249.3333333333333","1140.0333333333333","1087.5927835051546"
"2025-10-22","2330","30679057","44813844075","1460.0","1470.0","1455.0","1460.0","-20.0","118929","1471.0","1451.5","1397.0","1254.5833333333333","1144.6333333333334","1089.502564102564"
"2025-10-23","2330","26134949","37826608364","1440.0","1455.0","1435.0","1450.0","-10.0","76976","1464.0","1455.0","1404.75","1259.6666666666667","1148.8","1091.341836734694"
"2025-10-27","2330","36024098","53691483433","1500.0","1500.0","1480.0","1480.0","30.0","55954","1470.0","1459.0","1411.75","1265.4166666666667","1153.3166666666666","1093.3147208121827"
"2025-10-28","2330","35135504","51949405737","1480.0","1490.0","1470.0","1475.0","-5.0","61044","1469.0","1465.0","1418.5","1270.75","1157.9416666666666","1095.2424242424242"
"2025-10-29","2330","32775105","49265956549","1495.0","1515.0","1490.0","1505.0","30.0","62605","1474.0","1473.0","1427.75","1276.5","1162.75","1097.3015075376884"
"2025-10-30","2330","30058497","45379071459","1515.0","1520.0","1500.0","1505.0","0.0","62893","1483.0","1477.0","1438.0","1282.5833333333333","1167.6416666666667","1099.34"
"2025-10-31","2330","33838761","51073519270","1515.0","1525.0","1500.0","1500.0","-5.0","45696","1493.0","1478.5","1447.75","1288.6666666666667","1172.2333333333333","1101.3333333333333"
"2025-11-03","2330","30913479","46512471060","1510.0","1520.0","1490.0","1510.0","10.0","71467","1499.0","1484.5","1457.0","1294.6666666666667","1176.8416666666667","1103.3564356435643"
"2025-11-04","2330","35922791","54169421541","1520.0","1525.0","1495.0","1505.0","-5.0","70678","1505.0","1487.0","1464.0","1301.0","1181.3083333333334","1105.334975369458"
"2025-11-05","2330","63423241","93109323845","1480.0","1485.0","1455.0","1460.0","-45.0","248089","1496.0","1485.0","1467.0","1305.6666666666667","1185.15","1107.0735294117646"
"2025-11-06","2330","29955147","44104541986","1470.0","1480.0","1465.0","1465.0","5.0","74015","1488.0","1485.5","1468.5","1310.5","1189.0833333333333","1108.819512195122"
"2025-11-07","2330","23551721","34382089105","1460.0","1465.0","1455.0","1460.0","-5.0","78941","1480.0","1486.5","1470.75","1315.1666666666667","1192.9333333333334","1110.5242718446602"
"2025-11-10","2330","26579263","39203254959","1470.0","1485.0","1465.0","1475.0","15.0","44799","1473.0","1486.0","1472.5","1320.0833333333333","1197.025","1112.2850241545893"
"2025-11-11","2330","24857058","36769705255","1490.0","1495.0","1465.0","1465.0","-10.0","67666","1465.0","1485.0","1475.0","1324.5","1201.0833333333333","1113.9807692307693"
"2025-11-12","2330","25998385","38344962465","1470.0","1485.0","1460.0","1475.0","10.0","38420","1468.0","1482.0","1477.5","1329.5","1205.125","1115.7081339712918"
"2025-11-13","2330","23920639","35016372835","1460.0","1470.0","1460.0","1460.0","-15.0","73841","1467.0","1477.5","1477.25","1334.1666666666667","1209.1083333333333","1117.347619047619"
"2025-11-14","2330","32778804","46933830385","1425.0","1440.0","1425.0","1430.0","-30.0","216630","1461.0","1470.5","1474.5","1338.3333333333333","1212.825","1118.829383886256"
"2025-11-17","2330","34872653","50497384300","1450.0","1460.0","1445.0","1445.0","15.0","52588","1455.0","1464.0","1474.25","1342.6666666666667","1216.7333333333333","1120.367924528302"
"2025-11-18","2330","49856799","70572614780","1435.0","1435.0","1405.0","1405.0","-40.0","272962","1443.0","1454.0","1470.5","1347.1666666666667","1220.4","1121.7042253521126"
"2025-11-19","2330","42661060","59869558425","1400.0","1415.0","1395.0","1395.0","-10.0","109706","1427.0","1447.5","1466.25","1351.25","1223.9666666666667","1122.981308411215"
"2025-11-20","2330","28295025","41079763730","1450.0","1460.0","1440.0","1455.0","60.0","54456","1426.0","1446.5","1466.0","1356.5833333333333","1228.0333333333333","1124.5255813953488"
"2025-11-21","2330","64673494","90158936045","1395.0","1405.0","1385.0","1385.0","-70.0","347100","1417.0","1439.0","1462.75","1360.1666666666667","1231.6916666666666","1125.7314814814815"
"2025-11-24","2330","88861648","122824394320","1400.0","1405.0","1375.0","1375.0","-10.0","142090","1403.0","1429.0","1457.5","1363.5","1235.2333333333333","1126.8801843317972"
"2025-11-25","2330","31006765","43841816781","1425.0","1425.0","1405.0","1415.0","40.0","50628","1405.0","1424.0","1454.5","1367.25","1238.775","1128.2018348623853"
"2025-11-26","2330","31659935","45354786526","1430.0","1440.0","1425.0","1440.0","25.0","47642","1414.0","1420.5","1451.25","1371.9166666666667","1242.4583333333333","1129.6255707762557"
"2025-11-27","2330","24202285","34888318204","1450.0","1455.0","1430.0","1435.0","-5.0","47132","1410.0","1418.0","1447.75","1376.5","1246.125","1131.0136363636364"
"2025-11-28","2330","26130506","37773913469","1440.0","1455.0","1435.0","1440.0","5.0","38594","1421.0","1419.0","1444.75","1381.0833333333333","1249.75","1132.4117647058824"
"2025-12-01","2330","33722188","47998505254","1445.0","1445.0","1410.0","1410.0","-30.0","102798","1428.0","1415.5","1439.75","1385.25","1252.7916666666667","1133.662162162162"
"2025-12-02","2330","27923064","39916596995","1430.0","1440.0","1420.0","1430.0","20.0","34886","1431.0","1418.0","1436.0","1389.75","1255.8333333333333","1134.9910313901346"
"2025-12-03","2330","25462840","36775822053","1440.0","1450.0","1435.0","1450.0","20.0","32546","1433.0","1423.5","1435.5","1394.5833333333333","1259.2083333333333","1136.3973214285713"
"2025-12-04","2330","21934952","31600541870","1445.0","1450.0","1430.0","1445.0","-5.0","44721","1435.0","1422.5","1434.5","1399.0","1262.6666666666667","1137.7688888888888"
"2025-12-05","2330","22539737","32677962256","1445.0","1460.0","1440.0","1460.0","15.0","35327","1439.0","1430.0","1434.5","1403.6666666666667","1266.2916666666667","1139.1946902654868"
"2025-12-08","2330","27405663","40634878504","1465.0","1495.0","1460.0","1495.0","35.0","65198","1456.0","1442.0","1435.5","1408.5833333333333","1270.0416666666667","1140.7621145374449"
"2025-12-09","2330","27555343","40931363559","1495.0","1500.0","1480.0","1480.0","-15.0","47501","1466.0","1448.5","1436.25","1412.8333333333333","1273.5833333333333","1142.25"
"2025-12-10","2330","26387641","39493603134","1490.0","1505.0","1485.0","1505.0","25.0","53469","1477.0","1455.0","1437.75","1417.25","1277.5","1143.8340611353713"
"2025-12-11","2330","31820417","47234941277","1510.0","1515.0","1465.0","1470.0","-35.0","107208","1482.0","1458.5","1438.25","1420.75","1280.9583333333333","1145.2521739130434"
"2025-12-12","2330","24025183","35489107425","1475.0","1485.0","1470.0","1480.0","10.0","41662","1486.0","1462.5","1440.75","1424.5","1284.7916666666667","1146.7012987012988"
"2025-12-15","2330","28160888","40860472555","1450.0","1455.0","1445.0","1450.0","-30.0","92871","1477.0","1466.5","1441.0","1427.3333333333333","1288.125","1148.0086206896551"
"2025-12-16","2330","36751412","52683827934","1435.0","1445.0","1425.0","1435.0","-15.0","151564","1468.0","1467.0","1442.5","1430.1666666666667","1291.1666666666667","1149.2403433476395"
"2025-12-17","2330","33103549","47488282612","1435.0","1445.0","1425.0","1430.0","-5.0","81434","1453.0","1465.0","1444.25","1432.5833333333333","1294.125","1150.440170940171"
"2025-12-18","2330","33103697","47179906765","1420.0","1435.0","1415.0","1430.0","0.0","74330","1445.0","1463.5","1443.0","1435.3333333333333","1297.0416666666667","1151.6297872340426"
"2025-12-19","2330","42614140","61256957568","1455.0","1455.0","1430.0","1430.0","0.0","46795","1435.0","1460.5","1445.25","1437.5833333333333","1300.125","1152.8093220338983"
"2025-12-22","2330","23919483","34974497115","1465.0","1470.0","1455.0","1465.0","35.0","38482","1438.0","1457.5","1449.75","1439.6666666666667","1303.2916666666667","1154.126582278481"
"2025-12-23","2330","22337117","33151333901","1475.0","1490.0","1470.0","1490.0","25.0","50811","1449.0","1458.5","1453.5","1442.1666666666667","1306.6666666666667","1155.5378151260504"
"2025-12-24","2330","13707427","20441056275","1495.0","1500.0","1485.0","1495.0","5.0","35055","1462.0","1457.5","1456.25","1445.0833333333333","1310.0416666666667","1156.958158995816"
"2025-12-26","2330","20806344","31326715665","1505.0","1510.0","1495.0","1510.0","15.0","57478","1478.0","1461.5","1460.0","1448.5833333333333","1313.5833333333333","1158.4291666666666"
"2025-12-29","2330","24010398","36576386420","1515.0","1530.0","1510.0","1530.0","20.0","68156","1498.0","1466.5","1464.5","1452.3333333333333","1317.3333333333333","1160.3666666666666"
"2025-12-30","2330","21819219","33198645416","1515.0","1530.0","1510.0","1520.0","-10.0","44833","1509.0","1473.5","1470.0","1455.5833333333333","1321.0","1162.2208333333333"
"2025-12-31","2330","31389568","48402721875","1520.0","1550.0","1515.0","1550.0","30.0","60286","1521.0","1485.0","1476.0","1458.6666666666667","1324.8333333333333","1163.9916666666666"
